diagnosis,label,total
D220,Naevus e melanocytes de la levre,3
G82012,Paraplegie flasque, complete au niveau dorsal, comprend : dorso-lombaire,3
O24704,Diabete sucre preexistant d'un autre type ou type non precise troubles ou complications post-partum,3
I379,Atteinte de la valvule pulmonaire, sans precision,3
K010,Dents incluses,3
M2561,Raideur articulaire, non classee ailleurs, region scapulaire,3
O92203,Mastopathies associees e l'accouchement, autres et sans precision, troubles ou complications antepartum,2
Q429,Absence, atresie et stenose congenitales du celon, sans precision de localisation,2
S7608,Lesion traumatique autre et non precisee de muscles et de tendons de la hanche,2
Z041,Examen et mise en observation apres un accident de transport,2
O92303,Agalactie, troubles ou complications antepartum,2
D211,Autre tumeur benigne du tissu conjonctif et d'autres tissus mous du membre superieur, y compris l'epaule,2
S1438,Lesion traumatique autre et non precisee du plexus brachial,2
M8734,Autre osteonecrose secondaire, main,2
S18,Amputation traumatique au niveau du cou,2
M4786,Autre spondylarthrose, region lombaire,2
V774,Occupant d'un autobus, blesse dans une collision avec un objet fixe ou stationnaire, occupant, sans precision, d'un autobus, en montant ou en descendant,2
M7145,Depet calcique dans une bourse sereuse, region pelvienne et cuisse,2
M4795,Spondylarthrose, sans precision, region dorso-lombaire,2
N778,Ulceration et inflammation vulvo-vaginales au cours d'autres maladies classees ailleurs,2
